<SpriteInformation>
<FrameInformation name="in_game_hud" texw="2048" texh="2032" type="png">
<Cell name="abilities_icon" x="939" y="1519" w="78" h="75" ax="0" ay="0" aw="78" ah="75"/>
<Cell name="absolute_zero_icon" x="1978" y="609" w="66" h="64" ax="4" ay="5" aw="76" ah="74"/>
<Cell name="apprentice_avatar_dragon_breath_small" x="606" y="1019" w="94" h="103" ax="0" ay="0" aw="94" ah="103"/>
<Cell name="apprentice_avatar_fireball_small" x="1" y="1668" w="94" h="96" ax="0" ay="0" aw="94" ah="96"/>
<Cell name="apprentice_avatar_intense_magic_small" x="1421" y="916" w="101" h="102" ax="0" ay="0" aw="101" ah="102"/>
<Cell name="apprentice_avatar_lightning_small" x="798" y="1209" w="90" h="96" ax="0" ay="0" aw="90" ah="96"/>
<Cell name="apprentice_avatar_phoenix_small" x="1739" y="799" w="100" h="105" ax="0" ay="0" aw="100" ah="105"/>
<Cell name="apprentice_avatar_sense_small" x="1314" y="1322" w="70" h="102" ax="0" ay="0" aw="70" ah="102"/>
<Cell name="apprentice_avatar_small" x="1512" y="1793" w="53" h="99" ax="0" ay="0" aw="53" ah="99"/>
<Cell name="apprentice_avatar_tornado_small" x="1091" y="1637" w="68" h="112" ax="0" ay="0" aw="68" ah="112"/>
<Cell name="apprentice_avatar_whirlwind_small" x="407" y="1228" w="94" h="103" ax="0" ay="0" aw="94" ah="103"/>
<Cell name="apprentice_icon" x="1237" y="1309" w="74" h="81" ax="0" ay="0" aw="74" ah="81"/>
<Cell name="apprentice_icon_greyed" x="1331" y="1238" w="74" h="81" ax="0" ay="0" aw="74" ah="81"/>
<Cell name="arrow" x="2020" y="676" w="23" h="32" ax="0" ay="0" aw="23" ah="32"/>
<Cell name="artillery_icon" x="1945" y="995" w="64" h="60" ax="4" ay="3" aw="76" ah="74"/>
<Cell name="audio_icon" x="1935" y="1639" w="29" h="43" ax="0" ay="0" aw="29" ah="43"/>
<Cell name="audio_icon_glow" x="1896" y="1652" w="36" h="50" ax="0" ay="0" aw="36" ah="50"/>
<Cell name="bads_icon" x="1968" y="1293" w="55" h="53" ax="8" ay="9" aw="76" ah="74"/>
<Cell name="banana_farm_avatar_bank_small" x="1665" y="505" w="103" h="80" ax="0" ay="0" aw="103" ah="80"/>
<Cell name="banana_farm_avatar_brf_small" x="103" y="1122" w="99" h="86" ax="0" ay="0" aw="99" ah="86"/>
<Cell name="banana_farm_avatar_investments_small" x="1" y="1206" w="99" h="88" ax="0" ay="0" aw="99" ah="88"/>
<Cell name="banana_farm_avatar_long_life_small" x="703" y="1113" w="92" h="111" ax="0" ay="0" aw="92" ah="111"/>
<Cell name="banana_farm_avatar_more_bananas_small" x="977" y="408" w="115" h="111" ax="0" ay="0" aw="115" ah="111"/>
<Cell name="banana_farm_avatar_plantation_small" x="1210" y="781" w="105" h="99" ax="0" ay="0" aw="105" ah="99"/>
<Cell name="banana_farm_avatar_republic_small" x="103" y="1211" w="99" h="55" ax="0" ay="0" aw="99" ah="55"/>
<Cell name="banana_farm_avatar_small" x="605" y="1221" w="92" h="111" ax="0" ay="0" aw="92" ah="111"/>
<Cell name="banana_farm_avatar_valuable_bananas_small" x="1208" y="1" w="118" h="103" ax="0" ay="0" aw="118" ah="103"/>
<Cell name="banana_farm_icon" x="917" y="1934" w="65" h="79" ax="0" ay="0" aw="65" ah="79"/>
<Cell name="banana_farm_icon_greyed" x="1242" y="1591" w="65" h="79" ax="0" ay="0" aw="65" ah="79"/>
<Cell name="bin" x="1057" y="1342" w="79" h="85" ax="0" ay="0" aw="79" ah="85"/>
<Cell name="blade_maelstrom_icon" x="1710" y="1200" w="64" h="63" ax="4" ay="7" aw="76" ah="74"/>
<Cell name="bloon_boost_icon" x="1732" y="1143" w="65" h="54" ax="0" ay="0" aw="65" ah="54"/>
<Cell name="bloon_boost_star_01" x="1222" y="330" w="24" h="24" ax="0" ay="0" aw="24" ah="24"/>
<Cell name="bloon_boost_star_02" x="1246" y="1991" w="39" h="39" ax="0" ay="0" aw="39" ah="39"/>
<Cell name="bloon_boost_star_03" x="1259" y="1726" w="62" h="62" ax="0" ay="0" aw="62" ah="62"/>
<Cell name="bloon_button" x="1876" y="522" w="101" h="84" ax="0" ay="0" aw="101" ah="84"/>
<Cell name="bloon_padlock" x="1803" y="1616" w="46" h="59" ax="0" ay="0" aw="46" ah="59"/>
<Cell name="bloon_spacing_marker" x="670" y="1888" w="23" h="24" ax="0" ay="0" aw="23" ah="24"/>
<Cell name="bloon_type_bg" x="919" y="1682" w="73" h="72" ax="0" ay="0" aw="73" ah="72"/>
<Cell name="bloon_type_toggle" x="1315" y="1919" w="55" h="59" ax="0" ay="0" aw="55" ah="59"/>
<Cell name="bloonchipper_avatar_dual_layer_blades_small" x="394" y="1647" w="89" h="94" ax="0" ay="0" aw="89" ah="94"/>
<Cell name="bloonchipper_avatar_faster_shred_small" x="1083" y="1014" w="87" h="94" ax="0" ay="0" aw="87" ah="94"/>
<Cell name="bloonchipper_avatar_heavy_duty_suction_small" x="690" y="1416" w="87" h="94" ax="0" ay="0" aw="87" ah="94"/>
<Cell name="bloonchipper_avatar_long_range_suck_small" x="384" y="1749" w="87" h="94" ax="0" ay="0" aw="87" ah="94"/>
<Cell name="bloonchipper_avatar_small" x="578" y="1556" w="87" h="94" ax="0" ay="0" aw="87" ah="94"/>
<Cell name="bloonchipper_avatar_suckier_small" x="282" y="1853" w="87" h="94" ax="0" ay="0" aw="87" ah="94"/>
<Cell name="bloonchipper_avatar_super_vac_small" x="1601" y="306" w="107" h="94" ax="0" ay="0" aw="107" ah="94"/>
<Cell name="bloonchipper_avatar_super_wide_funnel_small" x="1739" y="907" w="100" h="97" ax="0" ay="0" aw="100" ah="97"/>
<Cell name="bloonchipper_avatar_triple_barrel_small" x="1906" y="1" w="107" h="94" ax="0" ay="0" aw="107" ah="94"/>
<Cell name="bloonchipper_icon" x="939" y="1597" w="76" h="82" ax="0" ay="0" aw="76" ah="82"/>
<Cell name="bloonchipper_icon_greyed" x="623" y="1919" w="76" h="82" ax="0" ay="0" aw="76" ah="82"/>
<Cell name="blue_hud_bg" x="702" y="130" w="159" h="148" ax="0" ay="0" aw="159" ah="148"/>
<Cell name="bomb_avatar_bigger_bombs_small" x="1489" y="215" w="109" h="110" ax="0" ay="0" aw="109" ah="110"/>
<Cell name="bomb_avatar_bloon_impact_small" x="1336" y="360" w="109" h="106" ax="0" ay="0" aw="109" ah="106"/>
<Cell name="bomb_avatar_cluster_bombs_small" x="205" y="1176" w="98" h="71" ax="0" ay="0" aw="98" ah="71"/>
<Cell name="bomb_avatar_extra_range_small" x="508" y="1019" w="95" h="88" ax="0" ay="0" aw="95" ah="88"/>
<Cell name="bomb_avatar_frag_bombs_small" x="1525" y="950" w="101" h="68" ax="0" ay="0" aw="101" ah="68"/>
<Cell name="bomb_avatar_missile_launcher_small" x="882" y="1309" w="85" h="103" ax="0" ay="0" aw="85" ah="103"/>
<Cell name="bomb_avatar_moab_assassin_small" x="408" y="1017" w="97" h="113" ax="0" ay="0" aw="97" ah="113"/>
<Cell name="bomb_avatar_moab_mauler_small" x="486" y="1676" w="85" h="111" ax="0" ay="0" aw="85" ah="111"/>
<Cell name="bomb_avatar_small" x="1407" y="672" w="104" h="95" ax="0" ay="0" aw="104" ah="95"/>
<Cell name="bomb_icon" x="1310" y="1599" w="63" h="73" ax="0" ay="0" aw="63" ah="73"/>
<Cell name="bomb_icon_greyed" x="1053" y="1885" w="63" h="73" ax="0" ay="0" aw="63" ah="73"/>
<Cell name="boomerang_avatar_bionic_boomer_small" x="1844" y="712" w="100" h="102" ax="0" ay="0" aw="100" ah="102"/>
<Cell name="boomerang_avatar_glaive_lord_small" x="1134" y="209" w="116" h="85" ax="0" ay="0" aw="116" ah="85"/>
<Cell name="boomerang_avatar_glaive_riccochet_small" x="1530" y="784" w="102" h="75" ax="0" ay="0" aw="102" ah="75"/>
<Cell name="boomerang_avatar_glaive_thrower_small" x="1222" y="359" w="111" h="96" ax="0" ay="0" aw="111" ah="96"/>
<Cell name="boomerang_avatar_multi_target_small" x="1373" y="175" w="113" h="96" ax="0" ay="0" aw="113" ah="96"/>
<Cell name="boomerang_avatar_red_hot_rangs_small" x="205" y="1250" w="97" h="102" ax="0" ay="0" aw="97" ah="102"/>
<Cell name="boomerang_avatar_small" x="792" y="1312" w="87" h="104" ax="0" ay="0" aw="87" ah="104"/>
<Cell name="boomerang_avatar_sonic_boom_small" x="1387" y="1322" w="69" h="106" ax="0" ay="0" aw="69" ah="106"/>
<Cell name="boomerang_avatar_turbo_charge_small" x="460" y="1902" w="80" h="105" ax="0" ay="0" aw="80" ah="105"/>
<Cell name="boomerang_icon" x="1662" y="1023" w="70" h="74" ax="0" ay="0" aw="70" ah="74"/>
<Cell name="boomerang_icon_greyed" x="702" y="1954" w="70" h="74" ax="0" ay="0" aw="70" ah="74"/>
<Cell name="boost_button" x="1316" y="898" w="102" h="98" ax="0" ay="0" aw="102" ah="98"/>
<Cell name="boost_button_green_fill" x="407" y="1133" w="96" h="92" ax="0" ay="0" aw="96" ah="92"/>
<Cell name="boost_button_greyed" x="1775" y="406" w="102" h="98" ax="0" ay="0" aw="102" ah="98"/>
<Cell name="boost_button_red_fill" x="204" y="1355" w="96" h="92" ax="0" ay="0" aw="96" ah="92"/>
<Cell name="boost_pulse_10perc" x="1743" y="1697" w="44" h="44" ax="0" ay="0" aw="44" ah="44"/>
<Cell name="boost_pulse_10perc_green" x="463" y="258" w="44" h="45" ax="0" ay="0" aw="44" ah="45"/>
<Cell name="boost_pulse_10perc_red" x="108" y="971" w="44" h="45" ax="0" ay="0" aw="44" ah="45"/>
<Cell name="boost_pulse_10perc_yellow" x="1312" y="1981" w="44" h="45" ax="0" ay="0" aw="44" ah="45"/>
<Cell name="buccaneer_avatar_aircraft_carrier_small" x="1100" y="864" w="106" h="82" ax="0" ay="0" aw="106" ah="82"/>
<Cell name="buccaneer_avatar_cannon_ship_small" x="1819" y="307" w="103" h="96" ax="0" ay="0" aw="103" ah="96"/>
<Cell name="buccaneer_avatar_crows_nest_small" x="596" y="1337" w="91" h="107" ax="0" ay="0" aw="91" ah="107"/>
<Cell name="buccaneer_avatar_destroyer_small" x="1012" y="118" w="119" h="92" ax="0" ay="0" aw="119" ah="92"/>
<Cell name="buccaneer_avatar_faster_shooting_small" x="1635" y="757" w="101" h="97" ax="0" ay="0" aw="101" ah="97"/>
<Cell name="buccaneer_avatar_grape_shot_small" x="1" y="1297" w="99" h="68" ax="0" ay="0" aw="99" ah="68"/>
<Cell name="buccaneer_avatar_longer_cannons_small" x="1842" y="817" w="100" h="96" ax="0" ay="0" aw="100" ah="96"/>
<Cell name="buccaneer_avatar_monkey_pirates_small" x="96" y="1873" w="91" h="76" ax="0" ay="0" aw="91" ah="76"/>
<Cell name="buccaneer_avatar_small" x="990" y="1007" w="90" h="95" ax="0" ay="0" aw="90" ah="95"/>
<Cell name="buccaneer_icon" x="543" y="1919" w="77" h="85" ax="0" ay="0" aw="77" ah="85"/>
<Cell name="buccaneer_icon_greyed" x="839" y="1623" w="77" h="85" ax="0" ay="0" aw="77" ah="85"/>
<Cell name="button_tab_shine" x="1155" y="1254" w="79" h="83" ax="0" ay="0" aw="79" ah="83"/>
<Cell name="call_to_arms_icon" x="1529" y="1342" w="65" h="67" ax="4" ay="5" aw="76" ah="74"/>
<Cell name="card_place_burst_01" x="1429" y="1021" w="78" h="79" ax="50" ay="49" aw="128" ah="128"/>
<Cell name="card_place_burst_02" x="191" y="1850" w="88" h="88" ax="40" ay="40" aw="128" ah="128"/>
<Cell name="card_place_burst_03" x="1" y="1472" w="97" h="98" ax="31" ay="30" aw="128" ah="128"/>
<Cell name="card_place_burst_04" x="988" y="897" w="107" h="107" ax="21" ay="21" aw="128" ah="128"/>
<Cell name="card_place_burst_05" x="985" y="289" w="116" h="116" ax="12" ay="12" aw="128" ah="128"/>
<Cell name="card_place_burst_06" x="702" y="661" w="125" h="125" ax="3" ay="3" aw="128" ah="128"/>
<Cell name="card_place_explosion_01" x="346" y="770" w="135" h="131" ax="31" ay="24" aw="192" ah="192"/>
<Cell name="card_place_explosion_02" x="864" y="130" w="145" h="142" ax="27" ay="21" aw="192" ah="192"/>
<Cell name="card_place_explosion_03" x="189" y="770" w="154" h="153" ax="22" ay="14" aw="192" ah="192"/>
<Cell name="card_place_explosion_04" x="1" y="805" w="163" h="163" ax="15" ay="12" aw="192" ah="192"/>
<Cell name="card_place_explosion_05" x="192" y="598" w="170" h="169" ax="11" ay="12" aw="192" ah="192"/>
<Cell name="card_place_explosion_06" x="702" y="381" w="140" h="145" ax="18" ay="23" aw="192" ah="192"/>
<Cell name="card_place_shockwave" x="102" y="1371" w="97" h="96" ax="1" ay="2" aw="196" ah="196"/>
<Cell name="care_package_icon" x="1860" y="1534" w="47" h="57" ax="14" ay="8" aw="76" ah="74"/>
<Cell name="cash_bonus_arrow" x="167" y="805" w="18" h="23" ax="0" ay="0" aw="18" ah="23"/>
<Cell name="cash_bonus_arrow_red" x="167" y="831" w="18" h="23" ax="0" ay="0" aw="18" ah="23"/>
<Cell name="cash_button" x="1740" y="712" w="101" h="84" ax="0" ay="0" aw="101" ah="84"/>
<Cell name="cash_icon" x="360" y="427" w="20" h="23" ax="0" ay="0" aw="20" ah="23"/>
<Cell name="centre_strip_bg" x="1984" y="1349" w="52" h="640" ax="0" ay="0" aw="52" ah="640"/>
<Cell name="close_button" x="1874" y="609" w="101" h="84" ax="0" ay="0" aw="101" ah="84"/>
<Cell name="cobra_avatar_attrition_small" x="1196" y="1426" w="72" h="123" ax="0" ay="0" aw="72" ah="123"/>
<Cell name="cobra_avatar_bloon_adjustment_small" x="474" y="1790" w="84" h="109" ax="0" ay="0" aw="84" ah="109"/>
<Cell name="cobra_avatar_double_tap_small" x="1134" y="107" w="117" h="99" ax="0" ay="0" aw="117" ah="99"/>
<Cell name="cobra_avatar_finish_him_small" x="1076" y="678" w="109" h="103" ax="0" ay="0" aw="109" ah="103"/>
<Cell name="cobra_avatar_misdirection_small" x="383" y="427" w="125" h="112" ax="0" ay="0" aw="125" ah="112"/>
<Cell name="cobra_avatar_monkey_stim_small" x="702" y="281" w="147" h="97" ax="0" ay="0" aw="147" ah="97"/>
<Cell name="cobra_avatar_offensive_push" x="865" y="829" w="120" h="103" ax="0" ay="0" aw="120" ah="103"/>
<Cell name="cobra_avatar_small" x="1018" y="1625" w="70" h="108" ax="0" ay="0" aw="70" ah="108"/>
<Cell name="cobra_avatar_wired_funds_small" x="1828" y="191" w="104" h="113" ax="0" ay="0" aw="104" ah="113"/>
<Cell name="cobra_icon" x="1271" y="1504" w="67" h="84" ax="0" ay="0" aw="67" ah="84"/>
<Cell name="cobra_icon_greyed" x="1571" y="1205" w="67" h="84" ax="6" ay="1" aw="78" ah="86"/>
<Cell name="connection_broken_icon" x="365" y="598" w="140" h="158" ax="0" ay="0" aw="140" ah="158"/>
<Cell name="dart_monkey_avatar_enhanced_eyesight_small" x="299" y="1547" w="92" h="105" ax="0" ay="0" aw="92" ah="105"/>
<Cell name="dart_monkey_avatar_increased_range_small" x="1945" y="817" w="99" h="110" ax="0" ay="0" aw="99" ah="110"/>
<Cell name="dart_monkey_avatar_juggernaut_small" x="1448" y="360" w="109" h="90" ax="0" ay="0" aw="109" ah="90"/>
<Cell name="dart_monkey_avatar_razor_sharp_small" x="741" y="829" w="121" h="95" ax="0" ay="0" aw="121" ah="95"/>
<Cell name="dart_monkey_avatar_sharp_shots_small" x="1253" y="258" w="113" h="98" ax="0" ay="0" aw="113" ah="98"/>
<Cell name="dart_monkey_avatar_small" x="751" y="1715" w="78" h="77" ax="0" ay="0" aw="78" ah="77"/>
<Cell name="dart_monkey_avatar_spikeopult_small" x="202" y="1450" w="94" h="100" ax="0" ay="0" aw="94" ah="100"/>
<Cell name="dart_monkey_avatar_supermonkey_fanclub_small" x="1794" y="1" w="109" h="96" ax="0" ay="0" aw="109" ah="96"/>
<Cell name="dart_monkey_avatar_triple_shot_small" x="488" y="1556" w="87" h="117" ax="0" ay="0" aw="87" ah="117"/>
<Cell name="dart_monkey_icon" x="984" y="1757" w="68" h="74" ax="0" ay="0" aw="68" ah="74"/>
<Cell name="dart_monkey_icon_greyed" x="1271" y="1427" w="68" h="74" ax="0" ay="0" aw="68" ah="74"/>
<Cell name="dartling_gun_avatar_bads_small" x="434" y="935" w="125" h="76" ax="0" ay="0" aw="125" ah="76"/>
<Cell name="dartling_gun_avatar_bloontonium_small" x="1448" y="1" w="114" h="102" ax="0" ay="0" aw="114" ah="102"/>
<Cell name="dartling_gun_avatar_faster_barrel_spin_small" x="988" y="1106" w="87" h="107" ax="0" ay="0" aw="87" ah="107"/>
<Cell name="dartling_gun_avatar_focused_firing_small" x="1635" y="683" w="102" h="71" ax="0" ay="0" aw="102" ah="71"/>
<Cell name="dartling_gun_avatar_hydra_rockets_small" x="1254" y="178" w="115" h="77" ax="0" ay="0" aw="115" ah="77"/>
<Cell name="dartling_gun_avatar_laser_cannon_small" x="1770" y="602" w="101" h="107" ax="0" ay="0" aw="101" ah="107"/>
<Cell name="dartling_gun_avatar_powerful_darts_small" x="1842" y="916" w="100" h="91" ax="0" ay="0" aw="100" ah="91"/>
<Cell name="dartling_gun_avatar_ray_of_doom_small" x="305" y="1346" w="94" h="101" ax="0" ay="0" aw="94" ah="101"/>
<Cell name="dartling_gun_avatar_small" x="1529" y="862" w="101" h="85" ax="0" ay="0" aw="101" ah="85"/>
<Cell name="dartling_gun_icon" x="615" y="773" w="84" h="81" ax="0" ay="0" aw="84" ah="81"/>
<Cell name="dartling_gun_icon_greyed" x="668" y="1612" w="84" h="81" ax="0" ay="0" aw="84" ah="81"/>
<Cell name="do_not_cross_black" x="360" y="453" w="20" h="20" ax="0" ay="0" aw="20" ah="20"/>
<Cell name="do_not_cross_stripes" x="1" y="269" w="256" h="78" ax="0" ay="0" aw="256" ah="78"/>
<Cell name="do_not_cross_text" x="1" y="350" w="256" h="78" ax="0" ay="0" aw="256" ah="78"/>
<Cell name="down_arrow" x="1204" y="973" w="103" h="43" ax="0" ay="0" aw="103" ah="43"/>
<Cell name="energy_bar_bg" x="1" y="130" w="507" h="36" ax="0" ay="0" aw="507" ah="36"/>
<Cell name="energy_bar_highlight" x="1" y="169" w="501" h="27" ax="3" ay="4" aw="507" ah="36"/>
<Cell name="energy_bar_lightning" x="1" y="971" w="104" h="15" ax="0" ay="0" aw="104" ah="15"/>
<Cell name="energy_icon" x="2016" y="1" w="26" h="42" ax="0" ay="0" aw="26" ah="42"/>
<Cell name="engineer_avatar_9inch_nails_small" x="755" y="1612" w="81" h="100" ax="0" ay="0" aw="81" ah="100"/>
<Cell name="engineer_avatar_bloon_trap_small" x="1589" y="1023" w="70" h="96" ax="0" ay="0" aw="70" ah="96"/>
<Cell name="engineer_avatar_fast_engineering_small" x="591" y="1451" w="88" h="96" ax="0" ay="0" aw="88" ah="96"/>
<Cell name="engineer_avatar_foam_small" x="682" y="1513" w="85" h="96" ax="0" ay="0" aw="85" ah="96"/>
<Cell name="engineer_avatar_larger_service_area_small" x="857" y="1514" w="79" h="106" ax="0" ay="0" aw="79" ah="106"/>
<Cell name="engineer_avatar_overclock_small" x="1348" y="1021" w="78" h="103" ax="0" ay="0" aw="78" ah="103"/>
<Cell name="engineer_avatar_sentry_small" x="955" y="1416" w="81" h="100" ax="0" ay="0" aw="81" ah="100"/>
<Cell name="engineer_avatar_small" x="1172" y="1552" w="67" h="99" ax="0" ay="0" aw="67" ah="99"/>
<Cell name="engineer_avatar_sprockets_small" x="299" y="1450" w="93" h="94" ax="0" ay="0" aw="93" ah="94"/>
<Cell name="engineer_icon" x="1324" y="1718" w="61" h="93" ax="0" ay="0" aw="61" ah="93"/>
<Cell name="engineer_icon_greyed" x="1259" y="1791" w="61" h="96" ax="0" ay="0" aw="61" ah="96"/>
<Cell name="evil_temple_icon" x="1570" y="1585" w="59" h="64" ax="8" ay="6" aw="76" ah="74"/>
<Cell name="farmer_avatar_small" x="307" y="1017" w="98" h="104" ax="0" ay="0" aw="98" ah="104"/>
<Cell name="farmer_box" x="1498" y="1207" w="70" h="74" ax="0" ay="0" aw="70" ah="74"/>
<Cell name="farmer_icon" x="1529" y="1292" w="66" h="47" ax="0" ay="0" aw="66" ah="47"/>
<Cell name="farmer_icon_greyed" x="1641" y="1198" w="66" h="47" ax="0" ay="0" aw="66" ah="47"/>
<Cell name="ff_icon" x="1598" y="1292" w="40" h="33" ax="1" ay="1" aw="42" ah="35"/>
<Cell name="ff_icon_greyed" x="1775" y="1272" w="40" h="33" ax="1" ay="1" aw="42" ah="35"/>
<Cell name="first_strike_icon" x="1" y="1971" w="73" h="56" ax="0" ay="0" aw="73" ah="56"/>
<Cell name="glue_gunner_avatar_corrosive_small" x="504" y="1228" w="93" h="106" ax="0" ay="0" aw="93" ah="106"/>
<Cell name="glue_gunner_avatar_dissolver_small" x="1104" y="399" w="113" h="101" ax="0" ay="0" aw="113" ah="101"/>
<Cell name="glue_gunner_avatar_glue_soak_small" x="1078" y="1111" w="85" h="110" ax="0" ay="0" aw="85" ah="110"/>
<Cell name="glue_gunner_avatar_hose_small" x="1565" y="1" w="113" h="95" ax="0" ay="0" aw="113" ah="95"/>
<Cell name="glue_gunner_avatar_liquefier_small" x="1261" y="1125" w="79" h="97" ax="0" ay="0" aw="79" ah="97"/>
<Cell name="glue_gunner_avatar_small" x="895" y="1106" w="90" h="102" ax="0" ay="0" aw="90" ah="102"/>
<Cell name="glue_gunner_avatar_splatter_small" x="1" y="1368" w="98" h="101" ax="0" ay="0" aw="98" ah="101"/>
<Cell name="glue_gunner_avatar_stickier_glue_small" x="660" y="1782" w="78" h="103" ax="0" ay="0" aw="78" ah="103"/>
<Cell name="glue_gunner_avatar_striker_small" x="970" y="1309" w="84" h="104" ax="0" ay="0" aw="84" ah="104"/>
<Cell name="glue_gunner_icon" x="1632" y="1639" w="54" h="80" ax="0" ay="0" aw="54" ah="80"/>
<Cell name="glue_gunner_icon_greyed" x="1383" y="1886" w="54" h="80" ax="0" ay="0" aw="54" ah="80"/>
<Cell name="glue_striker_icon" x="966" y="1843" w="67" h="66" ax="4" ay="5" aw="76" ah="74"/>
<Cell name="ground_zero_icon" x="1984" y="408" w="60" h="60" ax="7" ay="8" aw="76" ah="74"/>
<Cell name="heli_avatar_apache_small" x="167" y="926" w="132" h="92" ax="0" ay="0" aw="132" ah="92"/>
<Cell name="heli_avatar_basic_small" x="614" y="860" w="124" h="81" ax="0" ay="0" aw="124" ah="81"/>
<Cell name="heli_avatar_bigger_jets_small" x="1373" y="106" w="114" h="66" ax="0" ay="0" aw="114" ah="66"/>
<Cell name="heli_avatar_chinook_small" x="484" y="773" w="128" h="84" ax="0" ay="0" aw="128" ah="84"/>
<Cell name="heli_avatar_downdraft_small" x="834" y="620" w="125" h="112" ax="0" ay="0" aw="125" ah="112"/>
<Cell name="heli_avatar_ifr_small" x="1" y="989" w="99" h="108" ax="0" ay="0" aw="99" ah="108"/>
<Cell name="heli_avatar_longer_range_small" x="302" y="926" w="129" h="88" ax="0" ay="0" aw="129" ah="88"/>
<Cell name="heli_avatar_quad_darts_small" x="1558" y="496" w="104" h="100" ax="0" ay="0" aw="104" ah="100"/>
<Cell name="heli_avatar_razor_rotors_small" x="964" y="1" w="119" h="114" ax="0" ay="0" aw="119" ah="114"/>
<Cell name="helicopter_icon" x="770" y="1513" w="84" h="92" ax="0" ay="0" aw="84" ah="92"/>
<Cell name="helicopter_icon_greyed" x="868" y="1419" w="84" h="92" ax="0" ay="0" aw="84" ah="92"/>
<Cell name="home_icon" x="1801" y="1678" w="43" h="43" ax="0" ay="0" aw="43" ah="43"/>
<Cell name="hourglass_icon" x="1523" y="328" w="26" h="29" ax="0" ay="0" aw="26" ah="29"/>
<Cell name="ice_avatar_absolute_zero_small" x="574" y="1735" w="83" h="112" ax="0" ay="0" aw="83" ah="112"/>
<Cell name="ice_avatar_arctic_wind_small" x="700" y="1312" w="89" h="101" ax="0" ay="0" aw="89" ah="101"/>
<Cell name="ice_avatar_deep_freeze_small" x="293" y="1749" w="88" h="101" ax="0" ay="0" aw="88" ah="101"/>
<Cell name="ice_avatar_enhanced_freeze_small" x="800" y="1020" w="92" h="100" ax="0" ay="0" aw="92" ah="100"/>
<Cell name="ice_avatar_ice_shards_small" x="1937" y="98" w="104" h="105" ax="0" ay="0" aw="104" ah="105"/>
<Cell name="ice_avatar_permafrost_small" x="1665" y="588" w="102" h="92" ax="0" ay="0" aw="102" ah="92"/>
<Cell name="ice_avatar_small" x="1343" y="1127" w="77" h="108" ax="0" ay="0" aw="77" ah="108"/>
<Cell name="ice_avatar_snap_freeze_small" x="1118" y="1430" w="75" h="102" ax="0" ay="0" aw="75" ah="102"/>
<Cell name="ice_avatar_viral_frost_small" x="891" y="1211" w="87" h="95" ax="0" ay="0" aw="87" ah="95"/>
<Cell name="ice_icon" x="1805" y="1426" w="56" h="70" ax="0" ay="0" aw="56" ah="70"/>
<Cell name="ice_icon_greyed" x="1868" y="1352" w="56" h="70" ax="0" ay="0" aw="56" ah="70"/>
<Cell name="icon_beefy_moab" x="1506" y="1639" w="60" h="39" ax="0" ay="10" aw="65" ah="65"/>
<Cell name="icon_beefy_moab_greyed" x="1252" y="1890" w="60" h="39" ax="0" ay="10" aw="65" ah="65"/>
<Cell name="icon_better_bundles" x="1875" y="1010" w="65" h="51" ax="0" ay="8" aw="65" ah="65"/>
<Cell name="icon_better_bundles_greyed" x="1341" y="1545" w="65" h="51" ax="0" ay="8" aw="65" ah="65"/>
<Cell name="icon_better_soil" x="1125" y="1817" w="63" h="51" ax="1" ay="14" aw="65" ah="65"/>
<Cell name="icon_better_soil_greyed" x="1480" y="1465" w="63" h="51" ax="1" ay="14" aw="65" ah="65"/>
<Cell name="icon_big_bloon_beatdown" x="1800" y="1165" w="63" h="49" ax="0" ay="8" aw="65" ah="65"/>
<Cell name="icon_big_bloon_beatdown_greyed" x="1193" y="1780" w="63" h="49" ax="0" ay="8" aw="65" ah="65"/>
<Cell name="icon_big_bloon_buster" x="1055" y="1820" w="65" h="62" ax="0" ay="2" aw="65" ah="65"/>
<Cell name="icon_big_bloon_buster_greyed" x="1945" y="930" w="65" h="62" ax="0" ay="2" aw="65" ah="65"/>
<Cell name="icon_big_bloon_slow" x="1970" y="1237" w="57" h="53" ax="2" ay="9" aw="65" ah="65"/>
<Cell name="icon_big_bloon_slow_greyed" x="1632" y="1583" w="57" h="53" ax="2" ay="9" aw="65" ah="65"/>
<Cell name="icon_bloon_boost" x="1441" y="1655" w="61" h="51" ax="4" ay="9" aw="65" ah="65"/>
<Cell name="icon_bloon_boost_greyed" x="1388" y="1718" w="61" h="51" ax="4" ay="9" aw="65" ah="65"/>
<Cell name="icon_bloon_snipe" x="1459" y="1315" w="67" h="67" ax="0" ay="0" aw="67" ah="67"/>
<Cell name="icon_bloon_snipe_greyed" x="847" y="1934" w="67" h="67" ax="0" ay="0" aw="67" ah="67"/>
<Cell name="icon_budget_bloons" x="1919" y="1520" w="44" h="54" ax="9" ay="8" aw="65" ah="65"/>
<Cell name="icon_budget_bloons_greyed" x="1493" y="1948" w="44" h="54" ax="9" ay="8" aw="65" ah="65"/>
<Cell name="icon_budget_bundles" x="1641" y="1248" w="65" h="51" ax="0" ay="8" aw="65" ah="65"/>
<Cell name="icon_budget_bundles_greyed" x="1411" y="1495" w="65" h="51" ax="0" ay="8" aw="65" ah="65"/>
<Cell name="icon_camo_detect" x="1857" y="1594" w="43" h="55" ax="10" ay="6" aw="65" ah="65"/>
<Cell name="icon_camo_detect_greyed" x="1684" y="1793" w="43" h="55" ax="10" ay="6" aw="65" ah="65"/>
<Cell name="icon_camo_regrow_efficiency" x="1984" y="471" w="60" h="44" ax="3" ay="14" aw="65" ah="65"/>
<Cell name="icon_camo_regrow_efficiency_greyed" x="1323" y="1814" w="60" h="44" ax="3" ay="14" aw="65" ah="65"/>
<Cell name="icon_cash_injection" x="1777" y="1744" w="39" h="56" ax="9" ay="7" aw="65" ah="65"/>
<Cell name="icon_cash_injection_greyed" x="1593" y="1938" w="39" h="56" ax="9" ay="7" aw="65" ah="65"/>
<Cell name="icon_copy_eco" x="459" y="313" w="48" h="43" ax="7" ay="13" aw="65" ah="65"/>
<Cell name="icon_copy_eco_greyed" x="459" y="359" w="48" h="43" ax="7" ay="13" aw="65" ah="65"/>
<Cell name="icon_crowded_bloons" x="1970" y="1184" w="59" h="50" ax="2" ay="9" aw="65" ah="65"/>
<Cell name="icon_crowded_bloons_greyed" x="1678" y="1490" w="59" h="50" ax="2" ay="9" aw="65" ah="65"/>
<Cell name="icon_damage_boost" x="1875" y="1064" w="64" h="63" ax="0" ay="3" aw="66" ah="66"/>
<Cell name="icon_damage_boost_greyed" x="1597" y="1342" w="64" h="63" ax="0" ay="3" aw="66" ah="66"/>
<Cell name="icon_dual_eco_boost" x="1440" y="1945" w="50" h="57" ax="9" ay="6" aw="65" ah="65"/>
<Cell name="icon_dual_eco_boost_greyed" x="1921" y="1460" w="50" h="57" ax="9" ay="6" aw="65" ah="65"/>
<Cell name="icon_eco_boost" x="2013" y="930" w="30" h="52" ax="17" ay="8" aw="65" ah="65"/>
<Cell name="icon_eco_boost_greyed" x="2013" y="985" w="30" h="52" ax="17" ay="8" aw="65" ah="65"/>
<Cell name="icon_eco_doubler" x="1544" y="1523" w="61" h="59" ax="2" ay="4" aw="65" ah="65"/>
<Cell name="icon_eco_doubler_greyed" x="1614" y="1462" w="61" h="59" ax="2" ay="4" aw="65" ah="65"/>
<Cell name="icon_empowered_moabs" x="1679" y="1439" w="61" h="48" ax="0" ay="10" aw="65" ah="65"/>
<Cell name="icon_empowered_moabs_greyed" x="1906" y="1193" w="61" h="48" ax="0" ay="10" aw="65" ah="65"/>
<Cell name="icon_empowered_towers" x="1162" y="1654" w="66" h="61" ax="0" ay="5" aw="66" ah="66"/>
<Cell name="icon_empowered_towers_greyed" x="1411" y="1431" w="66" h="61" ax="0" ay="5" aw="66" ah="66"/>
<Cell name="icon_even_better_bundles" x="1480" y="1412" w="65" h="50" ax="0" ay="9" aw="65" ah="65"/>
<Cell name="icon_even_better_bundles_greyed" x="1231" y="1673" w="65" h="50" ax="0" ay="9" aw="65" ah="65"/>
<Cell name="icon_exploding_pineapple" x="1733" y="1744" w="41" h="59" ax="11" ay="3" aw="65" ah="65"/>
<Cell name="icon_exploding_pineapple_greyed" x="1593" y="1876" w="41" h="59" ax="11" ay="3" aw="65" ah="65"/>
<Cell name="icon_fertile_soil" x="1193" y="1726" w="63" h="51" ax="1" ay="14" aw="65" ah="65"/>
<Cell name="icon_fertile_soil_greyed" x="985" y="1964" w="63" h="51" ax="1" ay="14" aw="65" ah="65"/>
<Cell name="icon_genetically_enhanced_crops" x="1740" y="1530" w="54" h="53" ax="7" ay="7" aw="65" ah="65"/>
<Cell name="icon_genetically_enhanced_crops_greyed" x="1450" y="1824" w="54" h="53" ax="7" ay="7" aw="65" ah="65"/>
<Cell name="icon_glue_storm" x="1479" y="1519" w="62" h="60" ax="4" ay="0" aw="66" ah="66"/>
<Cell name="icon_glue_storm_greyed" x="1943" y="1058" w="62" h="60" ax="4" ay="0" aw="66" ah="66"/>
<Cell name="icon_improved_bloon_boost" x="1548" y="1412" w="63" h="50" ax="2" ay="11" aw="65" ah="65"/>
<Cell name="icon_improved_bloon_boost_greyed" x="1409" y="1549" w="63" h="50" ax="2" ay="11" aw="65" ah="65"/>
<Cell name="icon_improved_eco_boost" x="1513" y="1733" w="55" h="57" ax="3" ay="3" aw="65" ah="65"/>
<Cell name="icon_improved_eco_boost_greyed" x="1573" y="1652" w="55" h="57" ax="3" ay="3" aw="65" ah="65"/>
<Cell name="icon_improved_tower_boost" x="1910" y="1577" w="41" h="59" ax="11" ay="4" aw="65" ah="65"/>
<Cell name="icon_improved_tower_boost_greyed" x="1540" y="1954" w="41" h="59" ax="11" ay="4" aw="65" ah="65"/>
<Cell name="icon_intense_tower_boost" x="1373" y="1969" w="51" h="61" ax="6" ay="5" aw="65" ah="66"/>
<Cell name="icon_intense_tower_boost_greyed" x="1803" y="1552" w="51" h="61" ax="6" ay="5" aw="65" ah="66"/>
<Cell name="icon_jam_packed" x="1188" y="1886" w="61" h="55" ax="1" ay="7" aw="65" ah="65"/>
<Cell name="icon_jam_packed_greyed" x="1679" y="1381" w="61" h="55" ax="1" ay="7" aw="65" ah="65"/>
<Cell name="icon_juggerlanche" x="1743" y="1413" w="59" h="59" ax="6" ay="0" aw="65" ah="66"/>
<Cell name="icon_juggerlanche_greyed" x="1388" y="1772" w="59" h="59" ax="6" ay="0" aw="65" ah="66"/>
<Cell name="icon_lightning_bolt" x="685" y="944" w="53" h="64" ax="6" ay="0" aw="65" ah="65"/>
<Cell name="icon_lightning_bolt_greyed" x="1692" y="1586" w="53" h="64" ax="6" ay="0" aw="65" ah="65"/>
<Cell name="icon_likes" x="167" y="857" w="17" h="23" ax="0" ay="0" aw="17" ah="23"/>
<Cell name="icon_long_boost" x="1743" y="1475" w="57" h="52" ax="4" ay="8" aw="65" ah="65"/>
<Cell name="icon_long_boost_greyed" x="1452" y="1769" w="57" h="52" ax="4" ay="8" aw="65" ah="65"/>
<Cell name="icon_long_tower_boost" x="1852" y="1652" w="41" h="59" ax="11" ay="4" aw="65" ah="65"/>
<Cell name="icon_long_tower_boost_greyed" x="1637" y="1862" w="41" h="59" ax="11" ay="4" aw="65" ah="65"/>
<Cell name="icon_lots_of_glue" x="1748" y="1586" w="52" h="53" ax="4" ay="6" aw="65" ah="65"/>
<Cell name="icon_lots_of_glue_greyed" x="1571" y="1765" w="52" h="53" ax="4" ay="6" aw="65" ah="65"/>
<Cell name="icon_moab_boost" x="702" y="789" w="60" h="37" ax="0" ay="15" aw="65" ah="65"/>
<Cell name="icon_moab_boost_greyed" x="765" y="789" w="60" h="37" ax="0" ay="15" aw="65" ah="65"/>
<Cell name="icon_monkey_acid" x="1927" y="1352" w="54" h="50" ax="5" ay="8" aw="65" ah="65"/>
<Cell name="icon_monkey_acid_greyed" x="1573" y="1712" w="54" h="50" ax="5" ay="8" aw="65" ah="65"/>
<Cell name="icon_monkey_glue" x="1864" y="1426" w="54" h="50" ax="5" ay="8" aw="65" ah="65"/>
<Cell name="icon_monkey_glue_greyed" x="1803" y="1499" w="54" h="50" ax="5" ay="8" aw="65" ah="65"/>
<Cell name="icon_one_shot" x="1441" y="1602" w="62" h="50" ax="3" ay="12" aw="65" ah="65"/>
<Cell name="icon_one_shot_greyed" x="1729" y="1318" w="62" h="50" ax="3" ay="12" aw="65" ah="65"/>
<Cell name="icon_pop_boost" x="1452" y="1709" w="58" h="57" ax="5" ay="3" aw="65" ah="65"/>
<Cell name="icon_pop_boost_greyed" x="1807" y="1366" w="58" h="57" ax="5" ay="3" aw="65" ah="65"/>
<Cell name="icon_range_boost" x="1546" y="1465" w="62" h="55" ax="1" ay="11" aw="65" ah="66"/>
<Cell name="icon_range_boost_greyed" x="1053" y="1961" w="62" h="55" ax="1" ay="11" aw="65" ah="66"/>
<Cell name="icon_red_hot_spikes" x="985" y="1912" w="65" h="49" ax="0" ay="8" aw="65" ah="65"/>
<Cell name="icon_red_hot_spikes_greyed" x="1805" y="1113" w="65" h="49" ax="0" ay="8" aw="65" ah="65"/>
<Cell name="icon_rubber_to_gold" x="463" y="199" w="44" h="56" ax="9" ay="6" aw="65" ah="65"/>
<Cell name="icon_rubber_to_gold_greyed" x="1546" y="1895" w="44" h="56" ax="9" ay="6" aw="65" ah="65"/>
<Cell name="icon_salted_wounds" x="1637" y="1924" w="35" h="54" ax="15" ay="5" aw="65" ah="65"/>
<Cell name="icon_salted_wounds_greyed" x="1819" y="1724" w="35" h="54" ax="15" ay="5" aw="65" ah="65"/>
<Cell name="icon_shield" x="1684" y="1740" w="46" h="50" ax="9" ay="12" aw="65" ah="65"/>
<Cell name="icon_shield_greyed" x="1626" y="1809" w="46" h="50" ax="9" ay="12" aw="65" ah="65"/>
<Cell name="icon_spike_storm" x="1873" y="1130" w="62" h="60" ax="4" ay="0" aw="66" ah="65"/>
<Cell name="icon_spike_storm_greyed" x="1664" y="1318" w="62" h="60" ax="4" ay="0" aw="66" ah="65"/>
<Cell name="icon_super_bloon_boost" x="1513" y="1681" w="57" h="49" ax="4" ay="12" aw="65" ah="65"/>
<Cell name="icon_super_bloon_boost_greyed" x="1386" y="1834" w="57" h="49" ax="4" ay="12" aw="65" ah="65"/>
<Cell name="icon_super_eco_boost" x="1191" y="1832" w="62" h="51" ax="2" ay="9" aw="65" ah="65"/>
<Cell name="icon_super_eco_boost_greyed" x="1614" y="1408" w="62" h="51" ax="2" ay="9" aw="65" ah="65"/>
<Cell name="icon_tower_boost" x="1506" y="1585" w="61" h="51" ax="2" ay="8" aw="65" ah="65"/>
<Cell name="icon_tower_boost_greyed" x="1794" y="1312" w="61" h="51" ax="2" ay="8" aw="65" ah="65"/>
<Cell name="icon_turbo_moabs" x="1299" y="1675" w="61" h="39" ax="0" ay="10" aw="65" ah="65"/>
<Cell name="icon_turbo_moabs_greyed" x="1743" y="1371" w="61" h="39" ax="0" ay="10" aw="65" ah="65"/>
<Cell name="icon_upgrade_bloons" x="1748" y="1642" w="50" h="52" ax="9" ay="8" aw="65" ah="65"/>
<Cell name="icon_upgrade_bloons_greyed" x="1568" y="1821" w="50" h="52" ax="9" ay="8" aw="65" ah="65"/>
<Cell name="icon_views" x="459" y="405" w="23" h="17" ax="0" ay="0" aw="23" ah="17"/>
<Cell name="income_button_green_timer_fill" x="102" y="1470" w="96" h="92" ax="0" ay="0" aw="96" ah="92"/>
<Cell name="income_button_greyed" x="1925" y="307" w="102" h="98" ax="0" ay="0" aw="102" ah="98"/>
<Cell name="income_button_red" x="1530" y="683" w="102" h="98" ax="0" ay="0" aw="102" ah="98"/>
<Cell name="income_button_red_timer_fill" x="1" y="1573" w="96" h="92" ax="0" ay="0" aw="96" ah="92"/>
<Cell name="income_button_yellow" x="1424" y="815" w="102" h="98" ax="0" ay="0" aw="102" ah="98"/>
<Cell name="info_icon" x="1770" y="1806" w="30" h="45" ax="1" ay="1" aw="32" ah="46"/>
<Cell name="like_icon" x="1721" y="1851" w="33" h="46" ax="0" ay="0" aw="33" ah="46"/>
<Cell name="lives_icon" x="1222" y="297" w="28" h="30" ax="0" ay="0" aw="28" ah="30"/>
<Cell name="lower_hud_bg" x="1" y="1" w="960" h="126" ax="0" ay="0" aw="960" ah="126"/>
<Cell name="misdirection_icon" x="1736" y="1007" w="68" h="68" ax="1" ay="0" aw="71" ah="70"/>
<Cell name="moab_assassin_icon" x="1709" y="1266" w="63" h="49" ax="6" ay="16" aw="76" ah="74"/>
<Cell name="monkey_ace_avatar_ground_zero_small" x="1322" y="571" w="107" h="98" ax="0" ay="0" aw="107" ah="98"/>
<Cell name="monkey_ace_avatar_nmt_small" x="1771" y="507" w="102" h="92" ax="0" ay="0" aw="102" ah="92"/>
<Cell name="monkey_ace_avatar_ods_small" x="1254" y="107" w="116" h="68" ax="0" ay="0" aw="116" ah="68"/>
<Cell name="monkey_ace_avatar_pineapple_small" x="974" y="522" w="113" h="111" ax="0" ay="0" aw="113" ah="111"/>
<Cell name="monkey_ace_avatar_rapid_fire_small" x="1448" y="453" w="107" h="96" ax="0" ay="0" aw="107" ah="96"/>
<Cell name="monkey_ace_avatar_sharper_darts_small" x="1369" y="274" w="111" h="83" ax="0" ay="0" aw="111" ah="83"/>
<Cell name="monkey_ace_avatar_small" x="1299" y="675" w="105" h="103" ax="0" ay="0" aw="105" ah="103"/>
<Cell name="monkey_ace_avatar_spectre_small" x="845" y="518" w="126" h="99" ax="0" ay="0" aw="126" ah="99"/>
<Cell name="monkey_ace_avatar_spyplane_small" x="484" y="860" w="127" h="72" ax="0" ay="0" aw="127" ah="72"/>
<Cell name="monkey_ace_icon" x="372" y="1853" w="85" h="79" ax="0" ay="0" aw="85" ah="79"/>
<Cell name="monkey_ace_icon_greyed" x="578" y="1653" w="85" h="79" ax="0" ay="0" aw="85" ah="79"/>
<Cell name="monkey_ace_path_shape_circular" x="1858" y="1312" w="34" h="34" ax="0" ay="0" aw="34" ah="34"/>
<Cell name="monkey_ace_path_shape_eight" x="2016" y="46" w="25" h="37" ax="0" ay="0" aw="25" ah="37"/>
<Cell name="monkey_ace_path_shape_infinity" x="1483" y="328" w="37" h="24" ax="0" ay="0" aw="37" ah="24"/>
<Cell name="monkey_engineer_sentry_avatar_red_small" x="700" y="1227" w="92" h="82" ax="0" ay="0" aw="92" ah="82"/>
<Cell name="monkey_engineer_sentry_avatar_small" x="372" y="1935" w="83" h="82" ax="0" ay="0" aw="83" ah="82"/>
<Cell name="monkeysub_avatar_airburst_darts_small" x="1100" y="784" w="107" h="77" ax="0" ay="0" aw="107" ah="77"/>
<Cell name="monkeysub_avatar_ballistic_missile_small" x="247" y="431" w="110" h="42" ax="0" ay="0" aw="110" ah="42"/>
<Cell name="monkeysub_avatar_barbed_darts_small" x="1668" y="403" w="104" h="99" ax="0" ay="0" aw="104" ah="99"/>
<Cell name="monkeysub_avatar_bloontonium_reactor_small" x="1209" y="883" w="104" h="87" ax="0" ay="0" aw="104" ah="87"/>
<Cell name="monkeysub_avatar_first_strike_small" x="1717" y="110" w="108" h="93" ax="0" ay="0" aw="108" ah="93"/>
<Cell name="monkeysub_avatar_improved_range_small" x="1090" y="591" w="110" h="84" ax="0" ay="0" aw="110" ah="84"/>
<Cell name="monkeysub_avatar_small" x="988" y="822" w="109" h="72" ax="0" ay="0" aw="109" ah="72"/>
<Cell name="monkeysub_avatar_submerge_support_small" x="1828" y="100" w="106" h="88" ax="0" ay="0" aw="106" ah="88"/>
<Cell name="monkeysub_avatar_twin_guns_small" x="1" y="1100" w="99" h="103" ax="0" ay="0" aw="99" ah="103"/>
<Cell name="monkeysub_icon" x="1689" y="1653" w="51" h="84" ax="0" ay="0" aw="51" ah="84"/>
<Cell name="monkeysub_icon_greyed" x="1630" y="1722" w="51" h="84" ax="0" ay="0" aw="51" ah="84"/>
<Cell name="mortar_avatar_artillery_small" x="830" y="735" w="122" h="91" ax="0" ay="0" aw="122" ah="91"/>
<Cell name="mortar_avatar_big_one_small" x="1012" y="213" w="118" h="73" ax="0" ay="0" aw="118" ah="73"/>
<Cell name="mortar_avatar_bigger_blast_small" x="306" y="1230" w="96" h="113" ax="0" ay="0" aw="96" ah="113"/>
<Cell name="mortar_avatar_bloon_buster_small" x="741" y="927" w="110" h="85" ax="0" ay="0" aw="110" ah="85"/>
<Cell name="mortar_avatar_burny_stuff_small" x="190" y="1941" w="86" h="80" ax="0" ay="0" aw="86" ah="80"/>
<Cell name="mortar_avatar_greater_accuracy_small" x="854" y="935" w="109" h="82" ax="0" ay="0" aw="109" ah="82"/>
<Cell name="mortar_avatar_rapid_reload_small" x="205" y="1108" w="99" h="65" ax="0" ay="0" aw="99" ah="65"/>
<Cell name="mortar_avatar_signal_flare_small" x="1553" y="599" w="103" h="81" ax="0" ay="0" aw="103" ah="81"/>
<Cell name="mortar_avatar_small" x="1490" y="106" w="112" h="106" ax="0" ay="0" aw="112" ah="106"/>
<Cell name="mortar_icon" x="1166" y="1168" w="82" h="83" ax="0" ay="0" aw="82" ah="83"/>
<Cell name="mortar_icon_greyed" x="666" y="1696" w="82" h="83" ax="0" ay="0" aw="82" ah="83"/>
<Cell name="ninja_avatar_bloonjitsu_small" x="1261" y="1019" w="84" h="103" ax="0" ay="0" aw="84" ah="103"/>
<Cell name="ninja_avatar_discipline_small" x="1429" y="1103" w="76" h="101" ax="0" ay="0" aw="76" ah="101"/>
<Cell name="ninja_avatar_distraction_small" x="205" y="1021" w="99" h="84" ax="0" ay="0" aw="99" ah="84"/>
<Cell name="ninja_avatar_double_shot_small" x="1210" y="571" w="109" h="101" ax="0" ay="0" aw="109" ah="101"/>
<Cell name="ninja_avatar_flash_bomb_small" x="1711" y="306" w="105" h="87" ax="0" ay="0" aw="105" ah="87"/>
<Cell name="ninja_avatar_sabotage_small" x="1807" y="1010" w="65" h="100" ax="0" ay="0" aw="65" ah="100"/>
<Cell name="ninja_avatar_seeking_shuriken_small" x="1329" y="1" w="116" h="100" ax="0" ay="0" aw="116" ah="100"/>
<Cell name="ninja_avatar_sharp_shuriken_small" x="1681" y="1" w="110" h="106" ax="0" ay="0" aw="110" ah="106"/>
<Cell name="ninja_avatar_small" x="103" y="1021" w="99" h="98" ax="0" ay="0" aw="99" ah="98"/>
<Cell name="ninja_icon" x="1947" y="696" w="70" h="83" ax="0" ay="0" aw="70" ah="83"/>
<Cell name="ninja_icon_greyed" x="911" y="1757" w="70" h="83" ax="0" ay="0" aw="70" ah="83"/>
<Cell name="overclock_icon" x="1125" y="1752" w="65" h="62" ax="5" ay="8" aw="76" ah="74"/>
<Cell name="particle_circle" x="493" y="542" w="8" h="8" ax="0" ay="0" aw="8" ah="8"/>
<Cell name="particle_glow" x="493" y="553" w="6" h="6" ax="1" ay="1" aw="8" ah="8"/>
<Cell name="pause_icon" x="1560" y="367" w="33" h="32" ax="0" ay="0" aw="33" ah="32"/>
<Cell name="pause_icon_greyed" x="702" y="1888" w="33" h="32" ax="0" ay="0" aw="33" ah="32"/>
<Cell name="phoenix_icon" x="1942" y="1121" w="61" h="60" ax="5" ay="11" aw="76" ah="74"/>
<Cell name="pirates_icon" x="1323" y="1861" w="57" h="55" ax="9" ay="10" aw="76" ah="74"/>
<Cell name="play_icon" x="1681" y="1851" w="37" h="40" ax="0" ay="0" aw="37" ah="40"/>
<Cell name="play_icon_greyed" x="1730" y="1806" w="37" h="40" ax="0" ay="0" aw="37" ah="40"/>
<Cell name="powers_box_round" x="1508" y="1130" w="72" h="72" ax="0" ay="0" aw="72" ah="72"/>
<Cell name="powers_button" x="293" y="1655" w="91" h="91" ax="0" ay="0" aw="91" ah="91"/>
<Cell name="powers_button_green_fill" x="981" y="1216" w="85" h="85" ax="3" ay="3" aw="91" ah="91"/>
<Cell name="powers_button_greyed" x="193" y="1756" w="91" h="91" ax="0" ay="0" aw="91" ah="91"/>
<Cell name="powers_button_red_fill" x="780" y="1419" w="85" h="85" ax="3" ay="3" aw="91" ah="91"/>
<Cell name="quit_flag" x="1440" y="1886" w="53" h="56" ax="0" ay="0" aw="53" ah="56"/>
<Cell name="rect_button" x="264" y="199" w="196" h="54" ax="0" ay="0" aw="196" ah="54"/>
<Cell name="rect_button_grey" x="264" y="256" w="196" h="54" ax="0" ay="0" aw="196" ah="54"/>
<Cell name="rect_button_pressed" x="260" y="313" w="196" h="54" ax="0" ay="0" aw="196" ah="54"/>
<Cell name="rect_button_selected" x="260" y="370" w="196" h="54" ax="0" ay="0" aw="196" ah="54"/>
<Cell name="restart_icon" x="1560" y="328" w="38" h="36" ax="0" ay="0" aw="38" ah="36"/>
<Cell name="restart_icon_greyed" x="2006" y="1121" w="38" h="36" ax="0" ay="0" aw="38" ah="36"/>
<Cell name="robo_farmer_avatar_small" x="508" y="1110" w="94" h="112" ax="0" ay="0" aw="94" ah="112"/>
<Cell name="robo_farmer_icon" x="1183" y="1944" w="60" h="56" ax="0" ay="0" aw="60" ah="56"/>
<Cell name="robo_farmer_icon_greyed" x="1608" y="1524" w="60" h="56" ax="0" ay="0" aw="60" ah="56"/>
<Cell name="round_button" x="702" y="529" w="129" h="129" ax="0" ay="0" aw="129" ah="129"/>
<Cell name="round_button_greyed" x="845" y="386" w="129" h="129" ax="0" ay="0" aw="129" ah="129"/>
<Cell name="sabotage_icon" x="1252" y="1932" w="57" h="56" ax="8" ay="10" aw="76" ah="74"/>
<Cell name="sell_box" x="1098" y="949" w="103" h="62" ax="0" ay="0" aw="103" ah="62"/>
<Cell name="share_icon_android" x="1496" y="1895" w="47" h="50" ax="0" ay="0" aw="47" ah="50"/>
<Cell name="share_icon_ios" x="2008" y="1058" w="36" h="56" ax="0" ay="0" aw="36" ah="56"/>
<Cell name="share_icon_windows" x="1927" y="1405" w="53" h="52" ax="0" ay="0" aw="53" ah="52"/>
<Cell name="side_hud_bg" x="511" y="130" w="188" h="640" ax="0" ay="0" aw="188" ah="640"/>
<Cell name="signal_full" x="1740" y="683" w="24" h="22" ax="0" ay="0" aw="24" ah="22"/>
<Cell name="signal_low" x="643" y="1888" w="24" h="22" ax="0" ay="0" aw="24" ah="22"/>
<Cell name="signal_med" x="543" y="2007" w="24" h="22" ax="0" ay="0" aw="24" ah="22"/>
<Cell name="sniper_avatar_cripple_moab_small" x="1333" y="469" w="109" h="93" ax="0" ay="0" aw="109" ah="93"/>
<Cell name="sniper_avatar_deadly_precision_small" x="1717" y="206" w="106" h="92" ax="0" ay="0" aw="106" ah="92"/>
<Cell name="sniper_avatar_faster_firing_small" x="383" y="542" w="107" h="48" ax="0" ay="0" aw="107" ah="48"/>
<Cell name="sniper_avatar_full_metal_jacket_small" x="1188" y="678" w="108" h="93" ax="0" ay="0" aw="108" ah="93"/>
<Cell name="sniper_avatar_nvg_small" x="955" y="736" w="110" h="83" ax="0" ay="0" aw="110" ah="83"/>
<Cell name="sniper_avatar_point_50_small" x="1560" y="403" w="105" h="90" ax="0" ay="0" aw="105" ah="90"/>
<Cell name="sniper_avatar_semi_auto_small" x="96" y="1952" w="88" h="63" ax="0" ay="0" aw="88" ah="63"/>
<Cell name="sniper_avatar_small" x="103" y="1269" w="98" h="99" ax="0" ay="0" aw="98" ah="99"/>
<Cell name="sniper_avatar_supply_drop_small" x="562" y="944" w="120" h="72" ax="0" ay="0" aw="120" ah="72"/>
<Cell name="sniper_icon" x="1119" y="1935" w="61" h="92" ax="0" ay="0" aw="61" ah="92"/>
<Cell name="sniper_icon_greyed" x="1842" y="1217" w="61" h="92" ax="0" ay="0" aw="61" ah="92"/>
<Cell name="spike_factory_avatar_bigger_stacks_small" x="96" y="1787" w="92" h="83" ax="0" ay="0" aw="92" ah="83"/>
<Cell name="spike_factory_avatar_even_faster_production_small" x="1" y="1885" w="92" h="83" ax="0" ay="0" aw="92" ah="83"/>
<Cell name="spike_factory_avatar_faster_production_small" x="501" y="1337" w="92" h="111" ax="0" ay="0" aw="92" ah="111"/>
<Cell name="spike_factory_avatar_mines_small" x="1935" y="206" w="103" h="92" ax="0" ay="0" aw="103" ah="92"/>
<Cell name="spike_factory_avatar_moab_shredr_small" x="895" y="1020" w="92" h="83" ax="0" ay="0" aw="92" ah="83"/>
<Cell name="spike_factory_avatar_small" x="798" y="1123" w="92" h="83" ax="0" ay="0" aw="92" ah="83"/>
<Cell name="spike_factory_avatar_spike_balls_small" x="1" y="1767" w="92" h="115" ax="0" ay="0" aw="92" ah="115"/>
<Cell name="spike_factory_avatar_spike_storm_small" x="98" y="1668" w="92" h="116" ax="0" ay="0" aw="92" ah="116"/>
<Cell name="spike_factory_avatar_white_hot_small" x="402" y="1439" w="92" h="111" ax="0" ay="0" aw="92" ah="111"/>
<Cell name="spike_factory_icon" x="1020" y="1543" w="74" h="79" ax="0" ay="0" aw="74" ah="79"/>
<Cell name="spike_factory_icon_greyed" x="741" y="1872" w="74" h="79" ax="0" ay="0" aw="74" ah="79"/>
<Cell name="spike_storm_icon" x="1055" y="1752" w="67" h="65" ax="5" ay="4" aw="76" ah="74"/>
<Cell name="super_vac_icon" x="1980" y="522" w="64" h="65" ax="0" ay="0" aw="64" ah="65"/>
<Cell name="supermonkey_avatar_epic_range_small" x="497" y="1451" w="91" h="102" ax="0" ay="0" aw="91" ah="102"/>
<Cell name="supermonkey_avatar_laser_vision_small" x="405" y="1334" w="93" h="102" ax="0" ay="0" aw="93" ah="102"/>
<Cell name="supermonkey_avatar_monkey_temple_small" x="1097" y="1543" w="72" h="91" ax="0" ay="0" aw="72" ah="91"/>
<Cell name="supermonkey_avatar_plasma_vision_small" x="1880" y="408" w="101" h="111" ax="0" ay="0" aw="101" ah="111"/>
<Cell name="supermonkey_avatar_robomonkey_small" x="962" y="636" w="111" h="97" ax="0" ay="0" aw="111" ah="97"/>
<Cell name="supermonkey_avatar_small" x="1605" y="110" w="109" h="102" ax="0" ay="0" aw="109" ah="102"/>
<Cell name="supermonkey_avatar_sun_god_small" x="1423" y="1207" w="72" h="105" ax="0" ay="0" aw="72" ah="105"/>
<Cell name="supermonkey_avatar_super_range_small" x="852" y="281" w="130" h="102" ax="0" ay="0" aw="130" ah="102"/>
<Cell name="supermonkey_avatar_tech_terror_small" x="703" y="1015" w="94" h="95" ax="0" ay="0" aw="94" ah="95"/>
<Cell name="supermonkey_fanclub_icon" x="1376" y="1602" w="62" h="59" ax="5" ay="11" aw="76" ah="74"/>
<Cell name="supermonkey_icon" x="1139" y="1342" w="77" h="81" ax="0" ay="0" aw="77" ah="81"/>
<Cell name="supermonkey_icon_greyed" x="1251" y="1225" w="77" h="81" ax="0" ay="0" aw="77" ah="81"/>
<Cell name="supply_drop_icon" x="1376" y="1664" w="62" h="51" ax="6" ay="14" aw="76" ah="74"/>
<Cell name="tack_shooter_avatar_blade_maelstrom_small" x="1104" y="297" w="115" h="99" ax="0" ay="0" aw="115" ah="99"/>
<Cell name="tack_shooter_avatar_blade_shooter_small" x="1445" y="552" w="105" h="98" ax="0" ay="0" aw="105" ah="98"/>
<Cell name="tack_shooter_avatar_even_faster_shooting_small" x="1095" y="503" w="112" h="85" ax="0" ay="0" aw="112" ah="85"/>
<Cell name="tack_shooter_avatar_extra_range_small" x="1173" y="1019" w="85" h="80" ax="0" ay="0" aw="85" ah="80"/>
<Cell name="tack_shooter_avatar_faster_shooting_small" x="1601" y="215" w="109" h="88" ax="0" ay="0" aw="109" ah="88"/>
<Cell name="tack_shooter_avatar_rof_small" x="1086" y="1" w="119" h="98" ax="0" ay="0" aw="119" ah="98"/>
<Cell name="tack_shooter_avatar_small" x="101" y="1565" w="94" h="98" ax="0" ay="0" aw="94" ah="98"/>
<Cell name="tack_shooter_avatar_sprayer_small" x="1318" y="781" w="103" h="114" ax="0" ay="0" aw="103" ah="114"/>
<Cell name="tack_shooter_avatar_super_range_small" x="1633" y="944" w="100" h="76" ax="0" ay="0" aw="100" ah="76"/>
<Cell name="tack_shooter_icon" x="1589" y="1122" w="69" h="73" ax="0" ay="0" aw="69" ah="73"/>
<Cell name="tack_shooter_icon_greyed" x="775" y="1954" w="69" h="73" ax="0" ay="0" aw="69" ah="73"/>
<Cell name="target_box" x="1" y="431" w="243" h="46" ax="0" ay="0" aw="243" ah="46"/>
<Cell name="tech_terror_icon" x="1735" y="1078" w="67" h="62" ax="4" ay="9" aw="76" ah="74"/>
<Cell name="top_bar" x="1" y="716" w="185" h="86" ax="0" ay="0" aw="185" ah="86"/>
<Cell name="tower_boost_icon" x="561" y="1850" w="79" h="66" ax="0" ay="0" aw="79" ah="66"/>
<Cell name="tower_button" x="1635" y="857" w="101" h="84" ax="0" ay="0" aw="101" ah="84"/>
<Cell name="tower_profile_pic_box" x="1220" y="458" w="110" h="110" ax="0" ay="0" aw="110" ah="110"/>
<Cell name="tower_thumbs_box" x="741" y="1795" w="76" h="74" ax="0" ay="0" aw="76" ah="74"/>
<Cell name="tower_thumbs_box_red" x="832" y="1715" w="76" h="74" ax="0" ay="0" aw="76" ah="74"/>
<Cell name="tower_transport_icon" x="1777" y="1217" w="62" h="52" ax="7" ay="11" aw="76" ah="74"/>
<Cell name="turbo_charge_icon" x="1123" y="1871" w="62" h="61" ax="5" ay="7" aw="76" ah="74"/>
<Cell name="tutorial_arrow_01" x="1681" y="1894" w="33" h="43" ax="0" ay="0" aw="33" ah="43"/>
<Cell name="tutorial_arrow_02" x="1219" y="1393" w="32" h="30" ax="0" ay="0" aw="32" ah="30"/>
<Cell name="tutorial_arrow_03" x="702" y="829" w="32" h="23" ax="0" ay="0" aw="32" ah="23"/>
<Cell name="tutorial_arrow_shadow" x="570" y="2007" w="23" h="23" ax="0" ay="0" aw="23" ah="23"/>
<Cell name="tutorial_hand" x="201" y="1553" w="93" h="89" ax="0" ay="0" aw="93" ah="89"/>
<Cell name="tutorial_tower_footprint" x="1864" y="1479" w="52" h="52" ax="0" ay="0" aw="52" ah="52"/>
<Cell name="up_arrow" x="1424" y="770" w="103" h="42" ax="0" ay="0" aw="103" ah="42"/>
<Cell name="upgrade_box_green" x="1" y="480" w="188" h="115" ax="0" ay="0" aw="188" ah="115"/>
<Cell name="upgrade_box_grey" x="1" y="598" w="188" h="115" ax="0" ay="0" aw="188" ah="115"/>
<Cell name="upgrade_box_red" x="192" y="480" w="188" h="115" ax="0" ay="0" aw="188" ah="115"/>
<Cell name="upgrade_panel_mid" x="1" y="199" w="260" h="32" ax="0" ay="0" aw="260" ah="32"/>
<Cell name="upgrade_panel_top" x="1" y="234" w="260" h="32" ax="0" ay="0" aw="260" ah="32"/>
<Cell name="upgrade_path_bg" x="1857" y="1714" w="29" h="115" ax="0" ay="0" aw="29" ah="115"/>
<Cell name="upgrade_path_green_cell" x="1068" y="784" w="21" h="21" ax="0" ay="0" aw="21" ah="21"/>
<Cell name="views_icon" x="485" y="405" w="23" h="17" ax="0" ay="0" aw="23" ah="17"/>
<Cell name="village_avatar_beacon_small" x="1510" y="1021" w="76" h="106" ax="0" ay="0" aw="76" ah="106"/>
<Cell name="village_avatar_call_to_arms_small" x="1342" y="1431" w="66" h="111" ax="0" ay="0" aw="66" ah="111"/>
<Cell name="village_avatar_drums_small" x="1039" y="1430" w="76" h="110" ax="0" ay="0" aw="76" ah="110"/>
<Cell name="village_avatar_fort_small" x="605" y="1125" w="94" h="93" ax="0" ay="0" aw="94" ah="93"/>
<Cell name="village_avatar_high_energy_beacon_small" x="1069" y="1224" w="83" h="115" ax="0" ay="0" aw="83" ah="115"/>
<Cell name="village_avatar_intelligence_small" x="1906" y="1244" w="59" h="105" ax="0" ay="0" aw="59" ah="105"/>
<Cell name="village_avatar_radar_small" x="820" y="1795" w="73" h="112" ax="0" ay="0" aw="73" ah="112"/>
<Cell name="village_avatar_small" x="307" y="1124" w="97" h="103" ax="0" ay="0" aw="97" ah="103"/>
<Cell name="village_avatar_town_small" x="198" y="1645" w="92" h="108" ax="0" ay="0" aw="92" ah="108"/>
<Cell name="village_icon" x="896" y="1843" w="67" h="88" ax="0" ay="0" aw="67" ah="88"/>
<Cell name="village_icon_greyed" x="1662" y="1100" w="67" h="88" ax="0" ay="0" aw="67" ah="88"/>
<Cell name="white_hot_tacks_icon" x="279" y="1950" w="85" h="64" ax="0" ay="0" aw="85" ah="64"/>
<Cell name="white_hot_tacks_icon_greyed" x="1173" y="1102" w="85" h="63" ax="0" ay="0" aw="85" ah="64"/>
<Cell name="yellow_button_flash" x="394" y="1553" w="91" h="91" ax="0" ay="0" aw="91" ah="91"/>
</FrameInformation>
</SpriteInformation>
